{"cameraMode":{"drawMode":0,"name":"Shaded","section":"Shading Mode"},"sceneLighting":true,"audioPlay":false,"sceneViewState":{"showFog":true,"showMaterialUpdate":false,"showSkybox":true,"showFlares":true,"showImageEffects":true,"showParticleSystems":true},"in2DMode":false,"pivot":{"x":-0.9391560554504395,"y":1.4605648517608643,"z":0.000027703121304512024},"rotation":{"x":-0.17315296828746797,"y":0.3450905680656433,"z":-0.06493781507015228,"w":-0.9201704859733582},"size":4.8915934562683109,"orthographic":true}