{"cameraMode":{"drawMode":0,"name":"Shaded","section":"Shading Mode"},"sceneLighting":true,"audioPlay":false,"sceneViewState":{"showFog":true,"showMaterialUpdate":false,"showSkybox":true,"showFlares":true,"showImageEffects":true,"showParticleSystems":true},"in2DMode":false,"pivot":{"x":-0.9391560554504395,"y":1.4605648517608643,"z":0.000027703121304512024},"rotation":{"x":-0.08813595771789551,"y":0.7856327295303345,"z":-0.11512305587530136,"w":-0.6014648079872131},"size":6.095815658569336,"orthographic":true}