{"cameraMode":{"drawMode":0,"name":"Shaded","section":"Shading Mode"},"sceneLighting":false,"audioPlay":false,"sceneViewState":{"showFog":true,"showMaterialUpdate":false,"showSkybox":true,"showFlares":true,"showImageEffects":true,"showParticleSystems":true},"in2DMode":false,"pivot":{"x":-0.20000000298023225,"y":1.2000000476837159,"z":0.5},"rotation":{"x":-0.18852241337299348,"y":0.34121909737586977,"z":-0.07005768269300461,"w":-0.9182161092758179},"size":0.28578832745552065,"orthographic":true}