{"cameraMode":{"drawMode":0,"name":"Shaded","section":"Shading Mode"},"sceneLighting":true,"audioPlay":false,"sceneViewState":{"showFog":true,"showMaterialUpdate":false,"showSkybox":true,"showFlares":true,"showImageEffects":true,"showParticleSystems":true},"in2DMode":false,"pivot":{"x":-16.72952651977539,"y":0.3753286600112915,"z":-6.274011611938477},"rotation":{"x":0.04319237545132637,"y":-0.43500569462776186,"z":0.020896347239613534,"w":0.8991484045982361},"size":36.413150787353519,"orthographic":true}